{"cameraMode":{"drawMode":0,"name":"Shaded","section":"Shading Mode"},"sceneLighting":false,"audioPlay":false,"sceneViewState":{"showFog":false,"showMaterialUpdate":true,"showSkybox":true,"showFlares":true,"showImageEffects":true,"showParticleSystems":true},"in2DMode":false,"pivot":{"x":5.18431282043457,"y":0.9416077136993408,"z":-1.9979407787322999},"rotation":{"x":0.006628458853811026,"y":-0.8639075756072998,"z":-0.011404730379581452,"w":-0.5035208463668823},"size":7.217714786529541,"orthographic":false}