{"cameraMode":{"drawMode":0,"name":"Shaded","section":"Shading Mode"},"sceneLighting":false,"audioPlay":false,"sceneViewState":{"showFog":false,"showMaterialUpdate":true,"showSkybox":false,"showFlares":true,"showImageEffects":true,"showParticleSystems":true},"in2DMode":false,"pivot":{"x":22.65999984741211,"y":-5.96999979019165,"z":12.930000305175782},"rotation":{"x":0.10600610822439194,"y":0.8816238641738892,"z":-0.23718491196632386,"w":0.3940269947052002},"size":0.6123724579811096,"orthographic":false}