{"cameraMode":{"drawMode":0,"name":"Shaded","section":"Shading Mode"},"sceneLighting":false,"audioPlay":false,"sceneViewState":{"showFog":false,"showMaterialUpdate":true,"showSkybox":false,"showFlares":true,"showImageEffects":true,"showParticleSystems":true},"in2DMode":false,"pivot":{"x":2.5829458236694338,"y":1.572756052017212,"z":5.53078031539917},"rotation":{"x":-0.00946666020900011,"y":0.8957695364952087,"z":-0.01908978261053562,"w":-0.44403076171875},"size":0.768245279788971,"orthographic":false}