{"cameraMode":{"drawMode":0,"name":"Shaded","section":"Shading Mode"},"sceneLighting":false,"audioPlay":false,"sceneViewState":{"showFog":false,"showMaterialUpdate":true,"showSkybox":false,"showFlares":true,"showImageEffects":true,"showParticleSystems":true},"in2DMode":false,"pivot":{"x":0.9784059524536133,"y":-0.5249988436698914,"z":0.7710651159286499},"rotation":{"x":0.05714021995663643,"y":0.9410688281059265,"z":-0.20383954048156739,"w":0.26379507780075076},"size":4.754037380218506,"orthographic":false}